id,customer_tweet_id,customer_text,brand_tweet_id,brand_reply_text,source,heuristic_bucket,difficulty_hint,has_brand_reply_visible_resolution,sampling_stratum,gold_intent,has_visible_resolution,gold_decision,gold_decision_reason,difficulty_tier
gs_0000,272737,@115888 why you don’t have a block song or artist thingy? N my feed this certain song keeps being played in my mixes &amp; I can’t stop it 😡,272738.0,@181117 1: Hey! We hear you loud and clear. We can’t make any promises but we’ll pass your feedback onto the right folks. Can you tell us more...,recovered,playback_issue,easy,True,playback_issue,playback_issue,False,escalate,feature request about blocking a song/artist; cannot be resolved through standard troubleshooting,easy
gs_0001,1892863,"@115888 can you stop playing""suggested songs""? I have songs in my playlist for a reason.",1892862.0,@564392 Hey Leah! Can you DM us your account's email address? We'll check things backstage and see what we can do /RI https://t.co/ldFdZR1cbT,recovered,playback_issue,easy,False,playback_issue,playback_issue,False,escalate,playback behavior / suggested songs issue; requires account-specific investigation,easy
gs_0002,67719,"@SpotifyCares can you add the song ""push it to the limit"" by Paul Engemann again?",2948914.0,@814422 Hey Martin! Sometimes content gets temporarily removed because of licensing changes. Hopefully we'll have it available again soon /LP,original,playback_issue,easy,True,playback_issue,playback_issue,False,escalate,song unavailable due to licensing changes; cannot be resolved through standard troubleshooting,easy
gs_0003,2292749,@SpotifyCares do you have any idea when #reputation will be available to stream? 😊,2292748.0,"@653053 We're afraid we don't have any additional info to share. Not to worry, we'll have it available to you as soon as it's available to us /RA",recovered,playback_issue,easy,True,playback_issue,playback_issue,False,escalate,album unavailable for streaming; availability depends on when it becomes available to Spotify,easy
gs_0004,1170424,@SpotifyCares No. Just work it out and make sure when I shuffle it doesn’t play the same album for 5 songs in a row 🤷‍♀️ that simple,1170425.0,"@177269 Not to worry, we'll make sure your feedback reaches the right folks. For anything else, we're just a tweet away /JP",original,playback_issue,easy,True,playback_issue,playback_issue,False,escalate,shuffle playback behavior; user is requesting a change to how songs are shuffled,easy
gs_0005,1272625,"@SpotifyCares When playing a playlist on Wi-Fi or mobile data, it refuses to play the radio based off the playlist, I have made sure it's switched on.",1272623.0,"@417897 That's strange. Can you let us know the device, operating system, and Spotify version you're using? /RH",original,playback_issue,easy,True,playback_issue,playback_issue,False,auto_handle,playlist radio not playing; needs device and app details for troubleshooting,hard
gs_0006,697632,"@SpotifyCares I use a Samsung Galaxy. No matter what song I play, they all skip multiple times.",697630.0,@286442 Can you also send us the Android and Spotify versions you're running? /LO,original,playback_issue,easy,True,playback_issue,playback_issue,False,auto_handle,songs skipping repeatedly on Samsung Galaxy; needs device and app version details for troubleshooting,hard
gs_0007,2915183,@SpotifyCares Spotify currently won’t play any song on my laptop. It is up to date but the only message I get is “This song is not available. If you have the file on your computer you can import it“ and I have the playlist downloaded on my laptop and every song plays on my phone.,2915182.0,"@806944 Hey Spencer, help's here! Can you DM us your account's email address and username? We'll take a look backstage /AQ",recovered,playback_issue,easy,False,playback_issue,playback_issue,False,auto_handle,songs unavailable on laptop despite working on phone; requires device-specific troubleshooting,hard
gs_0008,1358956,@SpotifyCares No i don’t get a message. Like if i skip a song all the music stops - or if i pick a new album to shuffle it just won’t play anything,1358954.0,@436833 That's odd. How long has this been happening for? Does restarting the app make a difference? Let us know /CB,original,playback_issue,easy,True,playback_issue,playback_issue,False,auto_handle,playback stops when skipping or starting a new album; needs troubleshooting to identify the cause,hard
gs_0009,1786710,"@SpotifyCares why i can't play BTS-DNA from any playlist? it says the song is not available, i can only play it from the album directly",1786706.0,"@536781 Hey Jiminie! What device, operating system, and Spotify version are you using? Screenshots of what's happening would be helpful, too /JE",recovered,playback_issue,easy,True,playback_issue,playback_issue,False,auto_handle,song unavailable from playlists but playable directly from the album; needs device and app details for troubleshooting,hard
gs_0010,914671,Help @116130 ! My tracks only play for the first 2 seconds with no sound! Regardless of using WiFi or data :(,914670.0,"@337207 Hey! What device, operating system, and Spotify version are you using? We'll see what we can suggest /CB",recovered,playback_issue,easy,True,playback_issue,playback_issue,False,auto_handle,tracks stop after two seconds with no sound; needs troubleshooting to identify the cause,hard
gs_0011,228065,@SpotifyCares This is the 4th or 5th time I've noticed that this particular song is next in the queue when the app freezes. https://t.co/vRcm1VRcZy,228067.0,@170378 Is this happening on a specific playlist? Can you try removing this track wor a while and see if things will be better? /JP,original,playback_issue,easy,True,playback_issue,playback_issue,False,auto_handle,app freezes when a particular track is next in the queue; needs troubleshooting to identify whether the track is causing the freeze,hard
gs_0012,463558,I’m so fucking annoyed. Every god damned time I try and listen to @115888 on my computer it fucking freezes. Well fuck you too then 🖕🏻🖕🏻@129941 doesn’t do this shit to me...,463557.0,@225208 Hey Ashley! Can you let us know the device/OS and Spotify version you're using? We'll see what we can suggest /AR,recovered,playback_issue,easy,True,playback_issue,playback_issue,False,auto_handle,"Spotify freezes on the computer during playback; needs device, OS, and Spotify version details for troubleshooting",hard
gs_0013,916069,@115888 ever since I ended my sub with you I can't play music through the app anymore. What gives ?,916067.0,"@337501 Hi Laura! Help's here. Can you let us know your device, operating system, and app version? We'll see what we can suggest /MU",recovered,playback_issue,easy,True,playback_issue,playback_issue,False,auto_handle,"music stopped playing after subscription ended; needs device, OS, and app version details for troubleshooting",hard
gs_0014,1508835,"@SpotifyCares Frequently freezes mid-song. Sometimes for a few seconds, Sometimes for as long as a minute. Pause and play commands take up to 40 secs",1508837.0,@470221 Got it! Could you try uninstalling and reinstalling the app? Let us know how it goes /DF,original,playback_issue,easy,True,playback_issue,playback_issue,False,auto_handle,playback freezes mid-song and pause/play commands are delayed; reinstalling the app is a standard troubleshooting step,hard
gs_0015,1435271,@SpotifyCares I did already and it‘s still not working.. I also deleted the app and downloaded it again but it still doesnt play the songs..,1435273.0,@453243 We understand. Our best tech folks are on the case as we speak. Hopefully we'll have a fix soon! /PB,original,playback_issue,easy,True,playback_issue,playback_issue,False,escalate,playback issue persists after reinstalling; already tried standard troubleshooting and requires technical investigation,hard
gs_0016,1846230,"@115888 won’t play playboy shit by @331366 and if that isn’t a reason to stop using it, idk what is.",1846229.0,"@552994 Hey, help's here! Could you DM us your email address, username, and the device you're using? We'll check backstage for you /BX https://t.co/ldFdZRiNAt",recovered,playback_issue,easy,False,playback_issue,playback_issue,False,escalate,specific song is unavailable; requires account and device investigation,hard
gs_0017,1648673,"@SpotifyCares The name of the song often freezes, making overlapping song titles. And every so often, when using the app on XB1 it won't even play 1/2",,,original,playback_issue,easy,False,playback_issue,playback_issue,False,auto_handle,"song titles freeze and overlap, and playback sometimes fails on Xbox One; needs technical troubleshooting",hard
gs_0018,1265652,"w h y don’t my play/pause/skip buttons work on @115888 @spotifycares anymore 😩 thx, high sierra",1265651.0,"@400362 Hey there! Can you let us know what device, operating system, and Spotify version you're using? We'll see what we can suggest /NS",recovered,playback_issue,easy,True,playback_issue,playback_issue,False,auto_handle,play/pause/skip controls are not working on High Sierra; needs device and app version details for troubleshooting,hard
gs_0019,1172338,@SpotifyCares having problems where I play songs off of my playlist and it skips like it interrupts the song any idea what might be wrong?,1172336.0,"@164928 Hi there, the cavalry's here! Can you let us know what device/version of Spotify you're using? We'll see what we can suggest /JI",recovered,playback_issue,easy,True,playback_issue,playback_issue,False,auto_handle,songs from playlist are skipping or being interrupted; needs device and Spotify version details for troubleshooting,hard
gs_0020,2349648,". @115888 just started skipping like it was a scratched CD while listening to some 90s tunes. Really nice design touch, folks. Extra points for authenticity.",2349646.0,"@679162 Hey there! That doesn't sound good. Can you let us know the device, operating system, and app version you're using? /PB",recovered,playback_issue,easy,True,playback_issue,playback_issue,False,auto_handle,"songs are skipping like a scratched CD; needs device, OS, and app version details for troubleshooting",hard
gs_0021,1345779,"@SpotifyCares Hey, whats up with the webplayer recently? It just stops playing or doesn't even play to begin with? Used to work so great!",1345778.0,@433807 Hey Katie! Help's here. Try clearing your browser's cache/cookies and refreshing. Did it do the trick? /MU,recovered,playback_issue,easy,True,playback_issue,playback_issue,True,auto_handle,web player stops playing or fails to start; clearing browser cache and cookies is a standard troubleshooting step,hard
gs_0022,2442036,Hey @115888 is there a reason the app has been freezing and restarting songs on my phone the last few weeks?,2442034.0,"@647571 Hey there! Can you let us know the device, operating system, and Spotify version you're using? We'll see what we can suggest /LO",recovered,playback_issue,easy,True,playback_issue,playback_issue,False,auto_handle,"app freezes and restarts songs during playback on phone; needs device, OS, and Spotify version details for troubleshooting",hard
gs_0023,1505050,"@SpotifyCares Well there are some songs in my playlists it just randomly skips, I can’t recognise a particular pattern there. I haven’t tried restarting.",1505052.0,"@469298 Hmm. Could you try restarting your device? If that doesn't work, can you DM us your account's email address? We'll check things out /AK https://t.co/ldFdZRiNAt",original,playback_issue,easy,False,playback_issue,playback_issue,False,auto_handle,"songs randomly skip during playback; restarting the device is a standard troubleshooting step, with account investigation as a fallback",hard
gs_0024,2251340,"@SpotifyCares No messages, just the bad crackling and popping, tried downloading and streaming, also cleared cache",2251339.0,@655860 Thanks. Can you let us know the exact Spotify version you're running on your PC? Just click on Help &gt; About Spotify /NG,original,playback_issue,hard,True,playback_issue,playback_issue,False,auto_handle,"crackling and popping during playback; cache clearing and downloading did not resolve it, so the Spotify version is needed for further troubleshooting",hard
gs_0025,1338283,"@SpotifyCares IOS 11.1, spotify stops playing when I operate other apps like twitter and fb (esp scrolling down and liking tweets)",,,original,playback_issue,hard,False,playback_issue,playback_issue,False,auto_handle,Spotify stops playing when using other apps on iOS; needs device and app troubleshooting,hard
gs_0026,2286386,@SpotifyCares - Yr App is killing my business. Keeps crashing/pple complaining/ music keeps stopping. Not happy😢😢😢,2286384.0,"@664365 Hey Janelle! Don't worry, we're here to help. Can you let us know the device, operating system, and Spotify version you're using? /MT",recovered,playback_issue,hard,True,playback_issue,playback_issue,False,auto_handle,"Spotify keeps crashing and stopping music playback; needs device, OS, and Spotify version details for troubleshooting",hard
gs_0027,942819,"@SpotifyCares I have premium but it only let's me skip so many songs before it stops me saying I need premium, which I have.",942818.0,"@343511 Hey Abigail, we're here to help! Could you DM us with your account's username and email address? We'll take a look backstage /TB",recovered,playback_issue,hard,False,playback_issue,premium_billing,False,escalate,premium subscription not being recognized; requires account-specific investigation,hard
gs_0028,1065091,"@SpotifyCares The app keeps crashing after I play a song too. I’m on iPhone 6, ios11 and spotify version 8.4.24, thanks RC",1065092.0,@371468 Got it. Can you also fire over your account's email address or username via DM? We'll take a look backstage /RC https://t.co/ldFdZRiNAt,original,playback_issue,hard,True,playback_issue,app_technical,False,auto_handle,Spotify app crashes after playing a song on iPhone 6; needs account and device-specific troubleshooting,hard
gs_0029,190065,@SpotifyCares song sharing on Android crashes the app every time. Known issue yet?,190064.0,"@160564 Hi Nnamdi! What device (make and model), Android and Spotify version are you using? We'll see what we can suggest /AU",recovered,playback_issue,hard,True,playback_issue,app_technical,False,auto_handle,"Spotify crashes every time when using song sharing on Android; needs device, Android, and Spotify version details for troubleshooting",hard
gs_0030,1200378,"It's skipping at the end. This track is broken @SpotifyCares monochrome by Ayumi Hamasaki
https://t.co/U89YOivS8J",1200377.0,"@402048 Thanks, we'll get this reported. Great detective work! https://t.co/LpsmyUtme0 /LO",recovered,playback_issue,hard,True,playback_issue,playback_issue,True,auto_handle,track skips at the end and appears to be broken; the issue has been reported for investigation,hard
gs_0031,2078388,"@SpotifyCares my app barely even works, random songs skips, horribly repetitive shuffle and full of glitches... i pay for this",2078387.0,"@614704 Hey Bailey! Did these issues happened after a recent update? Also, can you let us know the device and Spotify version you’re using? /SJ",recovered,playback_issue,hard,True,playback_issue,playback_issue,False,auto_handle,"multiple playback issues including random skipping, repetitive shuffle, and glitches; needs device and Spotify version details for troubleshooting",hard
gs_0032,38951,@AppleSupport @SpotifyCares since ios 11 i cant skip songs on bluetooth and i no longer have spotify on my home screen or the swipe up? help,38950.0,"@124503 Hey, sorry for the delay! Can you tell us the exact model of your iPhone along with the Spotify version you're using? We'll help you out /RR",recovered,playback_issue,hard,True,playback_issue,device_platform,False,auto_handle,Spotify controls are not working correctly with Bluetooth on iOS and the app is missing from the home screen; needs iPhone model and Spotify version details,hard
gs_0033,44671,"@SpotifyCares why i cant play my playlist folder on iphone app? You are SPOTIFY,guys do it please!",44669.0,"@121069 Hi there, the cavalry's here! Does logging out, restarting your device, and logging back into Spotify help? Keep us in the loop /JI",recovered,playback_issue,hard,True,playback_issue,playback_issue,True,auto_handle,"playlist folder cannot be played on iPhone; logging out, restarting, and logging back in are standard troubleshooting steps",hard
gs_0034,2866592,"@SpotifyCares I can't sign up for spotify, I keep getting an ""oops"" error. :(",2866591.0,"@796167 Hey there! We're here to help. Just to check, what country are you currently in? /AN",recovered,app_technical,easy,True,app_technical,account_login,False,auto_handle,unable to sign up due to an error; requires country information for account setup troubleshooting,hard
gs_0035,2633310,"@SpotifyCares Could you please fix the band listing for #ThePeaceLife?  There are 2 artists, but they are listed as one.  One has 2 albums and the other has a single called ""green""
#thanks!",2633309.0,@743515 Hey! Can you send us the Song Link? Just tap the three dots &gt; Share &gt; Copy Link. Let us know how it goes /DF,recovered,app_technical,easy,True,app_technical,other,False,auto_handle,artist listing is incorrect and two different artists are being combined; needs the song link to investigate,easy
gs_0036,2848333,"@SpotifyCares Any update? It's still persisting, and it's totally frustrating :( Thanks",,,original,app_technical,easy,False,app_technical,other,False,escalate,artist listing issue is still unresolved and needs further investigation,hard
gs_0037,2042355,Hello @117153 im having trouble with 404 error code. Can you tell me if the service will resume soon? Webplayer is working fine. Thx,2042354.0,"@603934 Hey! Can you send us your account's username or email address via DM? The exact device, OS, and app version you're using would also help /LP https://t.co/ldFdZRiNAt",recovered,app_technical,easy,True,app_technical,app_technical,False,escalate,404 error affecting the app while the web player works; requires account and device-specific investigation,hard
gs_0038,1555480,@117153 some of the artists I followed do not appear in my library/artists column. Is there a way to fix this issue ? Thanks,1555479.0,"@481019 Hi there. Don't worry, help's here. Can you tell us what device, operating system, and exact app version you're using? /JU",recovered,app_technical,easy,True,app_technical,other,False,auto_handle,"followed artists are missing from the library; needs device, OS, and app version details for troubleshooting",hard
gs_0039,1516294,@115888 if you are set to offline mode and get logged out you can never log back in again because the app thinks you're offline. 👍,1516291.0,@471807 Hey Ryan! What device and Spotify version are you using? We'll do our best to help you out /BH,recovered,app_technical,easy,True,app_technical,account_login,False,auto_handle,unable to log back in after being logged out while in offline mode; needs device and Spotify version details for troubleshooting,hard
gs_0040,186183,"@SpotifyCares Sure, it is behaving much better after a device restart.  I'll see if it keeps up. Thanks!",186184.0,@159744 We're glad to hear everything's working now. Give us a shout if it starts misbehaving again; we're always here to help /RC,original,app_technical,easy,True,app_technical,playback_issue,True,auto_handle,playback issue improved after restarting the device; standard troubleshooting resolved the problem,easy
gs_0041,2734593,@SpotifyCares Yeah I get that. So where do I download them with the app on my computer these are the options I have https://t.co/el2ZdaRxhB,2734592.0,@766421 Got it. Here's some handy info about listening to your music offline: https://t.co/WSjJgGAmPy /TF,original,app_technical,easy,True,app_technical,other,True,auto_handle,question about where to download music for offline listening on the computer app; brand provided offline listening information,easy
gs_0042,306687,@SpotifyCares It's a private/home wifi. We can restart the router. Thanks for the insight,306688.0,@189218 No worries. We'll be on the lookout for your update /LO,original,app_technical,easy,False,app_technical,playback_issue,False,auto_handle,playback issue related to the home Wi-Fi connection; restarting the router is a standard troubleshooting step,hard
gs_0043,689556,So grateful to be on @115888 - how do publishers view download stats though @SpotifyCares?,689555.0,"@284774 Hey! This isn't a stat that Spotify currently provides, but we'll let the team know this is something that you'd find useful for the future /J",recovered,app_technical,easy,True,app_technical,other,True,auto_handle,question about download statistics for publishers; Spotify does not currently provide this stat but has passed the feedback to the team,easy
gs_0044,2557520,@117153 I tried deinstalling it and installing it again. You can't even reinstall it. This is total garbage!,2557519.0,@726090 @117153 Hey Andrija! We've sent you a DM. Check it out. We'll continue helping you there /MC,recovered,app_technical,easy,True,app_technical,app_technical,False,auto_handle,Spotify cannot be reinstalled after being uninstalled; requires technical troubleshooting to identify the installation issue,hard
gs_0045,602845,@SpotifyCares when i try to launch it says cannot find 'api-ms-win-core-processthreads-l1-1-2.ddl' please re-install this application. I re-installed and it still displays the error when i launch,602843.0,"@263159 Hi, help's here! Can you let us know your desktop's operating system version? We'll see what we can suggest /DV",recovered,app_technical,easy,True,app_technical,app_technical,False,auto_handle,Spotify fails to launch because of a missing system DLL even after reinstalling; needs OS-specific technical troubleshooting,hard
gs_0046,2322389,"Come on @115888, still waiting for an update for the #iPhoneX 🤷‍♂️",2322388.0,"@672945 Hey Nicolò! We understand - we’re working on it as we speak. Stay tuned. For anything else, let us know /GU",recovered,app_technical,easy,True,app_technical,device_platform,False,escalate,Spotify has not yet released an update for iPhone X; requires the product team to address compatibility,easy
gs_0047,1963829,@SpotifyCares I mean it’s working now after I had to wait a good 20 min but this is an occurrence that happens on my eyefone 7 so fix it por favor ♥️,1963831.0,"@582241 Sorry to hear that. We're glad it's working fine now though! If you ever need us again, we're just a tweet away /RH",original,app_technical,easy,True,app_technical,playback_issue,True,auto_handle,"playback issue eventually resolved after a long wait, but it repeatedly occurs on iPhone 7",hard
gs_0048,2552669,"@SpotifyCares So ""OvO god"" @6860, you gonna help fix the 6 or leave it in shambles??",,,original,app_technical,easy,False,app_technical,playback_issue,False,escalate,recurring playback issue on iPhone 7 that takes a long time to resolve; requires further investigation,hard
gs_0049,1507421,@115888 you should update your new releases page on the hourly. I hate needing to wait untill 9 am of every Friday to see the new releases,1507420.0,"@469872 We hear you loud and clear, Tyler! We can’t make any promises but we’ll pass your feedback onto the right folks /K",recovered,app_technical,easy,True,app_technical,other,True,escalate,feature request to update the new releases page more frequently; brand has passed the feedback to the appropriate team,easy
gs_0050,327179,@117153 @117153 are under the wrong name (Noun) on Spotify. Can you please fix it up as soon as possible? Thank you.,327178.0,@193976 @117153 We've just sent you a DM 🙂 /SU,recovered,app_technical,easy,False,app_technical,other,False,escalate,artist is listed under the wrong name; requires the artist metadata to be corrected,easy
gs_0051,488793,"@SpotifyCares One reason: ""Your Spotify app needs updating."" App updates require deleting all offline files? So I should just never update your app?",488795.0,"@231397 If you do need to update Spotify, we recommend connecting to WiFi /I",original,app_technical,easy,False,app_technical,app_technical,False,auto_handle,app update requires deleting offline files; needs technical guidance about preserving offline downloads during updates,hard
gs_0052,2584517,"Hey @115888, why don’t you have more N-Dubz songs? Please fix this, cheers!",2584515.0,"@732388 Hey! It all boils down to licensing agreements, but there's info about Spotify content here: https://t.co/0i8GpimuDa /RB",recovered,app_technical,easy,True,app_technical,other,True,auto_handle,question/request about missing N-Dubz songs due to licensing; brand provided information about Spotify content,easy
gs_0053,797687,"@SpotifyCares Google Pixel XL, ever since the last update the app force closes when I click share. I've reinstalled and everything already.",797686.0,"@310181 Hey! Don't worry, we're on it. Our developers are looking into this, and we'll keep everyone updated /CP",recovered,app_technical,easy,True,app_technical,app_technical,False,escalate,Spotify force closes when using the share function even after reinstalling; developers are already investigating the issue,hard
gs_0054,554162,@115888  Y'all desperately need an update - Im constantly quitting/reopening ur application in order to navigate without the wheel of doom.,554163.0,"@249302 Hey Rosie! Can you tell us more about the issue? Also, what device, OS, and Spotify version are you using? We'll see what we can suggest /NS",recovered,app_technical,easy,True,app_technical,app_technical,False,auto_handle,"app becomes unresponsive and shows the spinning wheel; repeatedly reopening the app is needed, so device, OS, and Spotify version details are needed for troubleshooting",hard
gs_0055,560020,"@SpotifyCares the album art is missing on the newest update, help!",560019.0,"@250967 Hi there. Can you let us know what device, operating system, and Spotify version you're running? We'll see what we can suggest /LM",recovered,app_technical,hard,True,app_technical,app_technical,False,auto_handle,"album art is missing after the newest update; needs device, OS, and Spotify version details for troubleshooting",hard
gs_0056,575698,"@115888 why does your Android app randomly un-download songs, it's really frustrating https://t.co/iaRvnM8R8d",575697.0,@255466 Hi! Sorry to hear that. Check out the steps under “Downloads unexpectedly removed” at https://t.co/EidIERWgLX. They should help with this /DR,recovered,app_technical,hard,True,app_technical,playback_issue,True,auto_handle,downloaded songs are randomly being removed; the brand provided specific troubleshooting steps for unexpected downloads removal,hard
gs_0057,2397299,@SpotifyCares Any ideas why I can’t listen to Spotify through the Bluetooth in my car after the update?,2397297.0,"@689952 Hi Courtney! Can you let us know the device, operating system, and Spotify version you're using? We'll see what we can suggest /GK",recovered,app_technical,hard,True,app_technical,device_platform,False,auto_handle,"Spotify no longer works through car Bluetooth after an update; needs device, OS, and Spotify version details for troubleshooting",hard
gs_0058,1794140,"@SpotifyCares Hey, I can't play any @124708 songs today? I get an error ""This song is not available"" Have they been pulled from the UK?",1794139.0,"@539150 Hi Cliff, that doesn't sound good. Could you send over your account's username or email address? We'll take a look backstage /JO https://t.co/ldFdZRiNAt",recovered,app_technical,hard,True,app_technical,playback_issue,False,escalate,songs are unavailable in the UK; requires account-specific investigation to determine whether the content has been removed or restricted,hard
gs_0059,1528475,"Evidently, @115888 has been silently playing one 4 minute song for the past 6 hours. Lemme guess, it's not a bug it's a feature? https://t.co/3PTA8O5pbx",1528473.0,"@474542 Hi Renee! Can you try clearing your browser's cache/cookies? If that doesn't help, try using an incognito window /RH",recovered,app_technical,hard,True,app_technical,playback_issue,True,auto_handle,playback is stuck on one song; brand provides concrete troubleshooting steps to clear browser cache/cookies and try incognito,hard
gs_0060,374604,"Since the iOS update, I can't even refresh Twitter without my music pausing @SpotifyCares",374603.0,"@204825 Hi there. Don't worry, we'll check out what's going on. First up, can you tell us the exact Spotify app version you have installed? /JU",recovered,app_technical,hard,True,app_technical,playback_issue,False,auto_handle,music pauses when refreshing another app after an iOS update; requires the Spotify app version to investigate,hard
gs_0061,353319,"@SpotifyCares In Google Chrome I suppose it will work. Is there any problem with Firefox 56 (on Ubuntu), or have I broken something? :(",353320.0,"@199992 We'll help you check on this. In the meantime, can you try using Google Chrome? Keep us posted /SJ",original,app_technical,hard,True,app_technical,device_platform,True,auto_handle,Spotify playback compatibility issue with Firefox 56 on Ubuntu; brand suggests trying Google Chrome as a troubleshooting step,hard
gs_0062,2041024,@SpotifyCares Can y’all please fix your shuffle on playlists I create? It’s like I get the same few songs shuffling &amp; need more variety!,2041023.0,@603487 Hey Dan! We’ve recently made some improvements to our shuffle algorithm. We’d love to hear your feedback here: https://t.co/T3vZnSL3od /DQ,recovered,app_technical,hard,True,app_technical,playback_issue,False,escalate,shuffle is repeatedly selecting the same few songs; the brand only points to feedback about shuffle improvements rather than providing troubleshooting,hard
gs_0063,248221,"@SpotifyCares Well, I found the correct song on a different album but that doesn't change the fact this album is broken so you might want to check it. https://t.co/mDDCbOWqHe",,,original,app_technical,hard,False,app_technical,playback_issue,False,escalate,specific album appears to have a broken or unavailable song; no brand troubleshooting or resolution is provided,hard
gs_0064,122096,@115888 our acct has been accessed by someone who shouldn't have access. Wat do?,122095.0,"@143214 Hey Sara, help's here! Can you DM us your account's username and email address? We'll check it out 🔍 /TR https://t.co/ldFdZRiNAt",recovered,account_login,easy,False,account_login,account_login,False,escalate,account appears to have been accessed by an unauthorized person and requires account-security investigation,easy
gs_0065,2565897,@125633 - can you pls advise as to why I can't manage my artists' account. nobody ever gets back to me about verification! https://t.co/wquaB8gpfb,2565896.0,@727939 Hey! We’d recommend reaching out at https://t.co/p1wbtdELHu. Our Artist Support team will do their best to help you with this 🙂 /M,recovered,account_login,easy,True,account_login,account_login,True,escalate,unable to manage an artist account and verification has not been completed; requires account/artist verification support,hard
gs_0066,496126,@SpotifyCares i'm having issues where songs i never played are appearing in my feed. my wife is having the same issue with her own account. what gives?,496125.0,"@233341 Hey Collin, help's here! Can you DM us your account's email address? We'll take a closer look /BE https://t.co/ldFdZRiNAt",recovered,account_login,easy,False,account_login,account_login,False,escalate,"songs the user did not play are appearing in the feed, suggesting possible account activity or account-linking issue requiring investigation",hard
gs_0067,1272291,@SpotifyCares I trying to link with Facebook but saying Facebook account linked with another account,1272290.0,@417822 Hi James! The cavalry's here. Could you DM us your account's email address and Facebook profile link? We'll take a look backstage /AU https://t.co/ldFdZRiNAt,recovered,account_login,easy,False,account_login,account_login,False,auto_handle,Facebook account is already linked to another Spotify account; standard account-linking troubleshooting can address this,easy
gs_0068,2539080,"@SpotifyCares Help! I can’t login with my username and password. There’s a workaround where i use my Facebook account, but i’d like to recover my password. Unfortunately the e-mail address is not active. Can you help me?,",2539079.0,@722105 Hi Raoul! Help's here. Can you DM us your account's username or email address? We'll check things backstage /MU https://t.co/ldFdZRiNAt,recovered,account_login,easy,False,account_login,account_login,False,escalate,user cannot log in or recover the password because the registered email is no longer active; requires account recovery support,hard
gs_0069,2321795,"what is going on with @115888 ? claims to have an issue, but none of the links open in any browsers, so can't check account data or renew card #musicpanic",2321794.0,@672808 2:  update your payment details? Could you DM us your account's username or email address? We'll check things backstage /CP https://t.co/ldFdZRiNAt,recovered,account_login,easy,False,account_login,premium_billing,False,escalate,account data and card renewal cannot be accessed because the relevant links are not opening; requires investigation of account and billing access,hard
gs_0070,1887224,@SpotifyCares hey guys I'm having issues getting my Sister's account into our family. Can I DM to provide the specifics?,1887223.0,"@562864 Hi Todd! We'd like to help you out. To get started, just DM us your sister's email address for her account /NY https://t.co/ldFdZRiNAt",recovered,account_login,easy,False,account_login,premium_billing,False,auto_handle,difficulty adding a sister to a Family subscription is a standard family-plan account issue that can be handled with account details,hard
gs_0071,1227806,@115888 can some1 pls dm me asap. I have been paying my account for 2 months &amp; had no access toit but no1 seems to be able to help! Thanks!,1227805.0,@408049 Hi Danielle! Help's here. Can you DM us your account's email address? We'll take a look backstage /MG https://t.co/ldFdZRiNAt,recovered,account_login,easy,False,account_login,account_login,False,escalate,"user has been paying for an account but cannot access it for two months, requiring account-access investigation",hard
gs_0072,1962227,@SpotifyCares Thanks for the response. Did that yesterday. It worked exactly once. Locked my system up again today.,1962226.0,"@581872 Hmm, that's odd. Does restarting your internet connection help at all? We'd also recommend trying different connections /MT",original,account_login,easy,True,account_login,app_technical,True,escalate,"the previously attempted fix only worked once and the system locked up again, indicating a persistent technical issue",hard
gs_0073,2857447,"@SpotifyCares  I need help with an account I don't know the email address for,",2857446.0,"@794163 Hey Jim! Can you DM us your account's username? If you've created it via Facebook, can you send us your profile link and email address? We'll take a look backstage /SJ https://t.co/ldFdZRiNAt",recovered,account_login,easy,False,account_login,account_login,False,auto_handle,user needs help identifying or accessing an account without knowing its email address,hard
gs_0074,2755872,@SpotifyCares @147836 I am very angry because my daughter has applied for an account when she is not yet 18 years old and did not ask Spotify for permission.,,,original,account_login,easy,False,account_login,account_login,False,escalate,"account was created for someone under 18 without the parent's permission, requiring account and age-related support",hard
gs_0075,2653126,"@SpotifyCares Hey guys! Quick question, would you be able to tell me when my Spotify account was created?",2653125.0,@401404 Hey! The cavalry's here. Can you DM us your account's username or email address? We'll take a look under the hood /JS https://t.co/ldFdZRiNAt,recovered,account_login,easy,False,account_login,account_login,False,auto_handle,user is asking for information about when their account was created,easy
gs_0076,1739232,@SpotifyCares Router restarted. Only able to login if not connected to WiFi. IT dept says “it’s a known Spotify issue” 🙄🤷🏼‍♀️ Works fine on other WiFi’s.,1739233.0,"@524904 Just to confirm, are you using a private or public WiFi network? Also, do you have access to a different network you could try with? /BH",original,account_login,easy,True,account_login,account_login,False,escalate,"login only works when disconnected from one Wi-Fi network and works on others, indicating a network-specific account access issue requiring investigation",hard
gs_0077,2081707,@SpotifyCares someone else is registered with my personal email. Who can help?,2081706.0,"@615623 Hey Brandon, help's here! Do you have your own account? Could you send us a DM with your email address? We'll take a look backstage /CO https://t.co/ldFdZRiNAt",recovered,account_login,easy,False,account_login,account_login,False,escalate,"another person appears to be registered with the user's personal email, requiring account ownership and security investigation",hard
gs_0078,1225952,Need help with a login issue @115888 @SpotifyCares,1225951.0,"@407604 @115888 Hey there, we've just sent you a DM 🙂 /VK",recovered,account_login,easy,False,account_login,account_login,False,auto_handle,generic login issue that can begin with standard account-login troubleshooting,easy
gs_0079,318704,@SpotifyCares why you no let me signn up a new account ☹️☹️ I've been trying for a week now,318702.0,"@192033 Hey, we can help. Can you fire over the email address you're using via DM? We'll check it out /NY",recovered,account_login,easy,True,account_login,account_login,False,auto_handle,"unable to create a new account, which can be handled through standard signup troubleshooting",easy
gs_0080,31598,"@115888 Hi, I am interested in tickets for the pre-sale to Kygos concert in stockholm. Is it possible to obtain the required password?:)",31597.0,@122971 Hey! Pre-sale codes are being sent out by email to some of Kygo's biggest fans on Spotify. Hopefully you're one of them /CB,recovered,account_login,easy,True,account_login,other,True,escalate,"user is requesting access to a concert presale password, which is an event-access request rather than a standard Spotify account issue",easy
gs_0081,1186041,@SpotifyCares having trouble logging in.  It says my FB isn't connected to account.,1186040.0,"@398881 Hey there, help's here! Can you DM us your account's email address? We'll take a look backstage 🙂 /CG https://t.co/ldFdZRiNAt",recovered,account_login,easy,False,account_login,account_login,False,auto_handle,"login is failing because the Facebook account is not connected, a standard account-linking issue",easy
gs_0082,2246044,"@SpotifyCares my email was recently changed from __email__ to __email__, could you change reset it back?",2246043.0,@654604 Hey! We’re sorry to hear that. Check out https://t.co/QHn3ok8y2n for what to do next /RB,recovered,account_login,easy,True,account_login,account_login,True,escalate,"user reports that the account email was changed and wants it restored, requiring account ownership/security verification",hard
gs_0083,2251475,"@SpotifyCares Oh, that's sad to hear, looks like I have to deal with a long number rather than having my username I have everywhere on social media for now :/ But I guess I got that number as username because I signed up using Facebook login years ago.",2251477.0,@434469 Hmm. Could you DM us your account's email address? We'll take a look under the hood /KB https://t.co/ldFdZRiNAt,original,account_login,easy,False,account_login,account_login,False,auto_handle,user is asking about the numeric username associated with an account created through Facebook login,easy
gs_0084,565407,@SpotifyCares Need help with my account.   apparently my email is connected to a Facebook account that I no longer have.  how can all of my information be deleted so I can register new without Facebook?,565406.0,@252499 Hi there! Can you DM us your account's username or email address? We'll take a look backstage /AP https://t.co/ldFdZRiNAt,recovered,account_login,easy,False,account_login,account_login,False,escalate,"email is associated with an inaccessible Facebook account and the user wants the account information removed to register again, requiring account support",hard
gs_0085,810919,@SpotifyCares Have moved overseas and can no longer access my account as blocked for use after 14 days overseas. Any fix available?,810918.0,@313222 Hey Claire! You can update your country setting with the steps at https://t.co/aKCgs5XDjL. Hope this helps /JP,recovered,account_login,hard,True,account_login,account_login,True,auto_handle,standard self-service country setting update via account page; no account-specific investigation needed,hard
gs_0086,1017926,"@SpotifyCares Yes I confirm. Used macbook pro osX.12.6, mac mini osX.11.6 . Could it be an account problem? I can provide you my logins in DM",1017927.0,@360841 Alright. Can you DM us your account's email address or username? We'll take a closer look /JE https://t.co/ldFdZRiNAt,original,account_login,hard,False,account_login,device_platform,False,auto_handle,user provides Mac device and OS versions while asking whether the issue could be account-related; this can be investigated through standard device/account troubleshooting,hard
gs_0087,1243935,@SpotifyCares happening over everything listed.  restarted device multiple times.  trying to log in but can get passed the connect online part,1243933.0,@411837 Best thing to try here is a reinstall. Just follow the steps at https://t.co/EqisDMwZAT. Let us know how you get on /KC,original,account_login,hard,True,account_login,account_login,True,auto_handle,"standard self-service clean reinstall troubleshooting steps; low risk, no sensitive account action needed",hard
gs_0088,130401,@115888 you need to up your tech! We should be able to update our user name and email w/o having to open a new account!,130400.0,"@145411 We hear you Chris! We’d love to see your vote, and hear your feedback on this idea: https://t.co/8Is2HkMbcb. In the meantime, just give us a shout if you have any other questions /DR",recovered,account_login,hard,True,account_login,other,False,escalate,feature request to update username and email without opening a new account; product limitation/feedback rather than technical support issue,easy
gs_0089,2376210,@SpotifyCares either fix your fucking player to work with last.fm or don't. I've done everything and all i get is a notification to remove every few minutes. How hard is it to authorize an account? I'm tired of swiping that away.,2376209.0,"@685388 Hi David. Don't worry, help's here. Can you tell us what device, operating system, and exact Spotify app version you're using? /JU",recovered,account_login,hard,True,account_login,app_technical,False,escalate,Spotify player is repeatedly failing to authorize or maintain the Last.fm connection despite previous troubleshooting,hard
gs_0090,2507539,@SpotifyCares My account was hacked over a week ago and still no resolution. I deleted Napster for this?,2507538.0,@714917 Hi Darius! Help's here. Can you DM us your account's username or email address? We'll take a look under the hood /DN https://t.co/ldFdZRiNAt,recovered,account_login,hard,False,account_login,account_login,False,escalate,"account was hacked and remains unresolved after more than a week, requiring security/account recovery escalation",easy
gs_0091,949191,@115888 login page is blank chromebook https://t.co/wDJcD5TdSG,949190.0,@345109 Hi Joseph. We're afraid the web player isn't supported by all Chrome browser versions. More info here: https://t.co/I04hHFhrIX /PL,recovered,account_login,hard,True,account_login,account_login,True,auto_handle,blank login page on Chromebook is a login-access issue that can begin with standard troubleshooting,hard
gs_0092,2963354,"@SpotifyCares I’ve just signed up for family, how do my family use my account via the app?? We’ve just tried using my log in on my partners phone and we can’t listen to seperate play lists? Can only use either or device?? #frustrating @113602",2963353.0,@817684 Hey Darren! We'll help out. Can you DM us your account's email address? We'll take a look under the hood /AN https://t.co/ldFdZRiNAt,recovered,account_login,hard,False,account_login,premium_billing,False,auto_handle,"user is having difficulty using a Family subscription across separate devices and accounts, requiring family-plan setup guidance",hard
gs_0093,2028410,@SpotifyCares help! My account was hijacked :(,2028409.0,"@599841 Hey Andrew, the calvary's here! Can you DM us your account's username and email address? We'll take a look backstage /JX https://t.co/ldFdZRiNAt",recovered,account_login,hard,False,account_login,account_login,False,escalate,account has been hijacked and requires security and account-recovery investigation,easy
gs_0094,2397310,@115888 It's a shame that an app like yours is still not adapted for the iPhone X https://t.co/dH9pl0pBVI,2397309.0,"@689955 Hey, we appreciate your feedback. We’re working on it as we speak. Stay tuned! /PL",recovered,device_platform,easy,True,device_platform,other,False,escalate,iPhone X compatibility and display support issue requiring a product/platform update,easy
gs_0095,1739237,@SpotifyCares Logged me out and when I enter info it says  cfsr token is invalid. Version 11.3,1739239.0,"@524905 Thanks! Just to confirm, are you resetting your password? Also, can you DM us your account's email address? We'll take a look backstage /PK https://t.co/ldFdZRiNAt",original,device_platform,easy,False,device_platform,account_login,False,auto_handle,login failure caused by an invalid CFSR token can be handled through standard account-login troubleshooting,hard
gs_0096,568977,"@SpotifyCares Great, thank you. I’m on an iPhone with iOS 11, but I think this has been a problem across multiple devices and operating systems since I’ve started using Spotify.",568979.0,"@253503 Thanks! Can you check out this page and see if it helps: https://t.co/myAf3mlgcv? If it doesn't, get back to us. We'll see what else we can suggest /QI",original,device_platform,easy,True,device_platform,playback_issue,True,escalate,persistent issue affecting multiple devices and operating systems; requires investigation,hard
gs_0097,2276906,@SpotifyCares any plans to support iPhone X display with the app anytime soon?,2276905.0,"@662183 Hey Eric, great question! We’re working on it as we speak. Stay tuned, we'll be keeping everyone in the loop /TB",recovered,device_platform,easy,True,device_platform,other,False,escalate,"user is asking whether iPhone X display support is planned, which requires a product/platform update",easy
gs_0098,1271319,"@SpotifyCares Do I have to be connected to ConnectedDrive to see that setting? I’m no longer in the car, and I don’t see it.",1271318.0,"@165740 1: Yep, that's right. Could you also double-check if Waze navigation is enabled under the Social section in your Spotify...",original,device_platform,easy,True,device_platform,device_platform,True,auto_handle,user cannot find a ConnectedDrive-related setting and needs device/car integration guidance,hard
gs_0099,1074057,"@SpotifyCares Hey Spotify. I can't share stuff on mobile anymore. Latest ver. of app, Android Oreo on Pixel. Crashes out. Any ideas?",1074055.0,"@373418 Hey Craig, help's here! Can you let us know which Spotify version you're using on your app? We'll check backstage /GK",recovered,device_platform,easy,True,device_platform,app_technical,False,auto_handle,Android app crashes when attempting to share; standard technical troubleshooting can be attempted,hard
gs_0100,876426,@SpotifyCares Hi it’s version 8.4.22.515 and my car is a fiat 500 lounge thank you!,876425.0,@328074 No worries. Can you give us more details on what’s happening exactly? Can you also let us know the device you’re using? /DR,original,device_platform,easy,True,device_platform,device_platform,False,auto_handle,user provides Spotify and car details as follow-up information for a car integration issue,easy
gs_0101,2435827,it's bullshit that @SpotifyCares doesn't support safari on @AppleSupport High Sierra. it's also bullshit that @115888 requires family members to live at the same address. why is Spotify so popular?,2435826.0,@206716 Hey Steven. Sorry to hear you feel that way. We'll make sure to pass on your feedback to the right folks /PL,recovered,device_platform,easy,True,device_platform,device_platform,False,escalate,"tweet combines Safari compatibility on High Sierra with a Family address requirement, both involving platform/product limitations",hard
gs_0102,2082118,"@SpotifyCares Hi, thanks for the reply, I'm using a Moto X(2015) on android 7.0, Spotify ver. 8.4.22.857",2082120.0,"@615765 Perfect, thanks for that! Can you send over your email address and username to us in a DM? We'll take a look backstage /RV https://t.co/ldFdZRiNAt",original,device_platform,easy,True,device_platform,device_platform,False,auto_handle,"user provides Android device, OS, and Spotify version as follow-up troubleshooting information",easy
gs_0103,2052942,@115888 why am I paying you monthly if you throw in random recommended songs to my playlists? Might as well go back to the free version,2052941.0,@607136 Hey there! We'll help out. Can you DM us your account's email address? We'll take a look under the hood /AN https://t.co/ldFdZRiNAt,recovered,device_platform,easy,False,device_platform,playback_issue,False,escalate,"user objects to recommended songs being added to playlists, indicating unwanted playback behavior rather than a technical failure",easy
gs_0104,1627433,"@SpotifyCares Oh, sorry I meant to follow up! It started working once I quit Spotify that was running on another Mac – hope that helps problemshoot.",1627432.0,"@498257 Thanks for letting us know! Is everything working okay, or are you still able to reproduce this when running Spotify on another Mac? /C",original,device_platform,easy,True,device_platform,playback_issue,False,auto_handle,"playback issue was resolved after quitting Spotify on another Mac, providing a likely device/session conflict",hard
gs_0105,1788640,@5795 why is there not continuity across my devices? I should be able to switch from desktop to mobile and pick up where I left off,1788639.0,"@208129 Hi David, we're afraid that feature is not available. Thanks for the feedback. We'll make sure to pass this on to our devs /ME",recovered,device_platform,easy,True,device_platform,other,False,escalate,"user is requesting continuity of playback across desktop and mobile devices, a product feature request",easy
gs_0106,877423,@SpotifyCares Nope - the artists that aren't working haven't worked on my work desktop or home laptop.,,,original,device_platform,easy,False,device_platform,playback_issue,False,escalate,"specific artists fail to work across multiple computers, suggesting an issue beyond a single device",hard
gs_0107,1013927,@SpotifyCares on the latest iOS my lockscreen controls are gone. I tried reinstalling. How do I get that back?,1013925.0,"@359923 Hey Hannes, help's here! Can you let us know the Spotify version you're using? We'll see what we can suggest /RS",recovered,device_platform,easy,True,device_platform,device_platform,False,auto_handle,iOS lockscreen playback controls disappeared after an update; standard device/app troubleshooting can be attempted,hard
gs_0108,1176576,"Yo @SpotifyCares y'all got the same version of ""Blessings"" listed as two different versions on Coloring Book by @167274",1176575.0,"@396759 Hey Matt, thanks for reporting about this! Can you send us the Spotify URIs of the tracks? We'll have a look /LO",recovered,device_platform,easy,True,device_platform,other,False,escalate,duplicate or incorrectly listed song versions are a metadata/catalog issue requiring correction,easy
gs_0109,714859,@SpotifyCares do you guys/gals. still make improvement to android wear?,714857.0,"@291009 Hey Brian! We sure are, you can find more info on using your Android Wear with Spotify here: https://t.co/U2Nd8PWJsw 🙂 /JI",recovered,device_platform,easy,True,device_platform,device_platform,True,escalate,"user is asking about future Android Wear improvements, which is a platform/product support question",easy
gs_0110,2677483,@SpotifyCares what can I do to resolve this? Is not my car because I was listening normally the last week and everything worked properly.,2677481.0,"@753532 Hey there! Can you let us know the device, operating system, and Spotify version you're running? We'll see what we can suggest /PL",recovered,device_platform,easy,True,device_platform,device_platform,False,auto_handle,"user is seeking help with a playback issue involving a car and indicates the car previously worked, allowing standard troubleshooting",hard
gs_0111,1872775,@115888 @115858 our headphones have not control on Spotify app since ios 11 came. When will we have a fixed version??,1872774.0,@559217 Hey Sinan! Sorry to hear that. Could you let us know what Spotify version you're using? /RK,recovered,device_platform,easy,True,device_platform,device_platform,False,escalate,headphones lost Spotify controls after iOS 11 and the user is asking when a fix will arrive,hard
gs_0112,1694969,i love that the spotify web player crashes at least once every hour while i’m at work.,1694968.0,"@514261 Hey there, help's here! To clarify, are you using the Spotify desktop app or web player? Keep us posted 🙂 /PX",recovered,device_platform,easy,True,device_platform,app_technical,False,auto_handle,web player crashes repeatedly during use; standard browser/app troubleshooting can be attempted,hard
gs_0113,2035217,@SpotifyCares Is iphone X optimization on the way? The black bars are getting quite annoying.,2035216.0,"@601703 We don't have any info from our devs on this right now, stay tuned! If you ever need anything, just shout and we'll come running 🏃 /JX",recovered,device_platform,easy,True,device_platform,other,False,escalate,"user is requesting iPhone X optimization to remove black bars, requiring a product/platform change",easy
gs_0114,648657,"@SpotifyCares That doc doesn't include an Edit section for android, because it isn't possible on android, and that's ridiculous.",648659.0,@274162 Sorry for the confusion. We're afraid editing playlists isn't currently possible on Android devices. We'd suggest adding your support for the idea in our Community at https://t.co/cxqCh7BOea /AR,original,device_platform,easy,True,device_platform,app_technical,True,escalate,"Android lacks an Edit capability that the user expects, indicating a product limitation or feature request",easy
gs_0115,2822731,i'd really love for @115888 to STOP ignoring my preference of NOT starting with windows startup every time it updates. please respect users' preferences.,2822729.0,@786592 Hey there. What Windows and Spotify versions are you on? Does logging out &gt; restarting your device &gt; logging back in make a difference? /AY,recovered,device_platform,hard,True,device_platform,app_technical,True,escalate,user objects to Spotify automatically starting with Windows startup after updates and requests a preference change,easy
gs_0116,2282049,"@SpotifyCares Sorry, that's frustration more than anything. But yes. I listen mostly on my iOS device, and frequently notice patterns like that when shuffling. I am not kidding when I say shuffle played an ENTIRE album almost in a row last night",2282048.0,@559663 Thanks for the report. The right team are aware of this issue between Shuffle and Connect and they're investigating /QI,original,device_platform,hard,True,device_platform,playback_issue,False,escalate,shuffle repeatedly plays songs from the same album instead of providing varied playback,easy
gs_0117,2095121,@SpotifyCares any plans to support multiroom playback on Amazon Echo,2095120.0,"@618966 Hi there! We've replied to your DM. If you could check your inbox, that'd be great /AY",recovered,device_platform,hard,True,device_platform,other,False,escalate,multiroom playback on Amazon Echo is a requested platform feature,easy
gs_0118,2213690,@SpotifyCares iPhone 6s Plus. app version : 8.4.22,2213691.0,"@646926 Got it. Could you try logging out, restarting your device by holding Home + Lock for 10 seconds, then logging back in? /PB",original,device_platform,hard,True,device_platform,device_platform,True,auto_handle,user provides iPhone model and Spotify version as device troubleshooting information,easy
gs_0119,1652658,"@SpotifyCares even tried with the web player, and no dice",1652659.0,@504572 Thanks for giving it a try. Can you DM us your account's username or email address? We'll check things backstage /CP https://t.co/ldFdZRiNAt,recovered,device_platform,hard,False,device_platform,playback_issue,False,escalate,"playback issue persists even when using the web player, indicating a broader issue requiring investigation",hard
gs_0120,441994,@SpotifyCares How come there are songs that I can play fine on mobile but aren't available on desktop apps? It's really quite aggravating,441993.0,"@219802 Hi, help's here! Can you let us know if you're referring to your offline tracks? Can you also let us know the devices' models and OS? /PL",recovered,device_platform,hard,True,device_platform,playback_issue,False,escalate,"songs available on mobile are unavailable on desktop, indicating a platform-specific content/playback discrepancy",hard
gs_0121,2916597,@SpotifyCares It seems like a lot of people are reporting issues https://t.co/TKIiL1JUaL. I cannot play music via web browser or mobile device (ios).,2916596.0,@807290 Hey Ross! Everything should be running smoothly now. Let us know if this is still happening /GS,recovered,device_platform,hard,True,device_platform,playback_issue,True,escalate,"user cannot play music on either web browser or iOS mobile, suggesting a broader service/playback issue",hard
gs_0122,2863040,"@115888 both my iphone app and my web app just start playing whenever they feel like it right now, can you help? Noticed it the last 4 days",2863039.0,"@294556 Hey there! Does logging out of spotify, restarting your device, and loggin back in help at all? Let us know how that goes /TF",recovered,device_platform,hard,True,device_platform,playback_issue,True,auto_handle,Spotify starts playing unexpectedly on both iPhone and web app; standard playback troubleshooting can be attempted,hard
gs_0123,1905262,sooo why might my iPhone randomly start and stop and fast forward Spotify songs while in use -- can apple headphones malfunction that way??,1905261.0,@524724 Hi Tony! Could you let us know the exact model &amp; iOS version of your iPhone? What version of Spotify do you run? We'll try to help out 🙂 /T,recovered,device_platform,hard,True,device_platform,playback_issue,False,auto_handle,"iPhone playback randomly starts, stops, and fast-forwards, potentially involving headphone controls or device behavior",hard
gs_0124,2358980,Ok @115888 @SpotifyCares I’ve been asking for this for years.. WE NEED A SCROLL BAR!!! For really long playlists with premium!! Thank you!!,2358978.0,@681289 Hey there! Could you let us know the device/OS you're using? We'll see what we can suggest /DF,recovered,premium_billing,easy,True,premium_billing,other,False,escalate,"user requests a scrollbar for navigating long playlists, which is a feature request rather than a playback failure",easy
gs_0125,2868817,I upgraded to @115888 premium for family and it is confusing af and I hate it.,2868816.0,"@796692 Hey Paige, thanks for the feedback! We'll make sure to pass it on. Can you let us know what you're trying to do exactly? We'd love to lend a hand. We also have more info about Premium for Family here: https://t.co/bzzki7lPS1 /KC",recovered,premium_billing,easy,True,premium_billing,premium_billing,True,auto_handle,user is confused about using the Family Premium plan and needs subscription setup guidance,easy
gs_0126,1767688,@115888 How do I cancel.  I followed your web sight instructions and it was extremely confusing and did not work I would like to speak to somebody,2084676.0,"@616508 Hey! We don't offer phone support at this time, but we'd be happy to assist via Twitter. Can you DM us your account's email address? /NQ https://t.co/ldFdZRiNAt",recovered,premium_billing,easy,False,premium_billing,premium_billing,False,escalate,"subscription cancellation instructions were already attempted but did not work, requiring support intervention",hard
gs_0127,293461,Just Cancel my Spotify because they didn’t let me buy @12387 tickets still luv @115888 I’m jus upset.,293460.0,@185900 Hi! Sorry to hear that. Can you DM us your account's email address or username? We'll take a look /ME https://t.co/ldFdZRiNAt,recovered,premium_billing,easy,False,premium_billing,premium_billing,False,escalate,user cancelled Spotify after being unable to purchase concert tickets; request is tied to subscription and ticket access,hard
gs_0128,1910167,@SpotifyCares Hello!  How long does it take to get a response?  Would you rather I just cancel my subscription completely?,1910169.0,"@396570 2: you still need a hand, send us a message with your username and a description of the issue. No worries, we'll get to the bottom of it /WW https://t.co/ldFdZRiNAt",recovered,premium_billing,easy,False,premium_billing,premium_billing,False,escalate,"user is awaiting support and considering cancelling their subscription, requiring follow-up on a subscription issue",easy
gs_0129,1162359,@SpotifyCares I just DM'd you for help with my HULU subscription! Please help!,1162358.0,"@393489 Hi there, we've just replied to your DM! We'll continue helping out over there 🙂 /DQ",recovered,premium_billing,easy,True,premium_billing,premium_billing,False,auto_handle,user needs help with a Hulu subscription associated with Spotify; account-specific billing/support assistance is appropriate,easy
gs_0130,535327,@SpotifyCares my friend cant afford to buy premium and wants to know if you love her regardless. How do you feel?,535326.0,"@224650 Hi Alfie! Aaw, that's nice to hear. Your friend can get awesome deals here: https://t.co/Gp5xcUoTsa. Give us a shout if you need anything else 😍 /AD",recovered,premium_billing,easy,True,premium_billing,other,True,auto_handle,casual question about whether Spotify loves someone who cannot afford Premium,easy
gs_0131,1126275,@115888 I need to cancel my subscription but when I click the link it won’t let me? Pls help https://t.co/skPOkBw7lk,1126274.0,@385557 @115888 Hi! We've just sent you a bit more info over DM. We'll carry on helping out there /DR,recovered,premium_billing,easy,True,premium_billing,premium_billing,False,auto_handle,subscription cancellation link is not working and can be addressed through standard billing/account troubleshooting,hard
gs_0132,688098,@115888 it's really 4.990 only but u have to pay using credit card which is here in Indonesia not so many ppl have it. especially teen age. so pls Spotify ur main market is teenager don't force them to steal their parents credit card,2808524.0,"@771416 We understand, and we appreciate your feedback. Don't worry, we'll pass it on to the team. In the meantime, you can also a PayPal account to take advantage of this. Hope this clears things up /RB",recovered,premium_billing,easy,True,premium_billing,premium_billing,True,escalate,user is requesting alternative payment methods in Indonesia because credit-card availability is limited,easy
gs_0133,2036100,@SpotifyCares I cannot up date my credit card its still loading?????????????????,2036099.0,@601964 Hey John! Help's here. Can you DM us your account's username or email address? We'll take a look under the hood /CP https://t.co/ldFdZRiNAt,recovered,premium_billing,easy,False,premium_billing,premium_billing,False,auto_handle,"credit-card update is stuck loading, which can be handled through standard billing troubleshooting",hard
gs_0134,2765079,@115888 What about for spotifiers already paying premium membership? 😃✌,2765078.0,@773367 Hi Liz! Can you DM us your account's email address? We'll check backstage and see what we can suggest /NY https://t.co/ldFdZRiNAt,recovered,premium_billing,easy,False,premium_billing,premium_billing,False,auto_handle,user is asking whether an offer applies to existing Premium subscribers,easy
gs_0135,1426058,"@115888 if i already have premium and disable it and take the  promotion, will it work as well? 😛",1426057.0,"@451293 Hey! Right now, this offer's for new subscribers only. Stay tuned for more deals for existing Premium subscribers, though 🙂 /NQ",recovered,premium_billing,easy,True,premium_billing,premium_billing,True,auto_handle,user is asking about eligibility for a promotion after disabling an existing Premium subscription,hard
gs_0136,1198043,@115888 Signed up for premium family today. Unable to invite family members. Need help asap. Spotify is kid's birthday present. HELP!!,1198042.0,@401490 @115888 Hi! We've just sent a DM your way. Let's carry on chatting there /MG,recovered,premium_billing,easy,True,premium_billing,premium_billing,False,auto_handle,Premium Family signup succeeded but family invitations cannot be sent; standard family-plan troubleshooting can be attempted,hard
gs_0137,1215741,Hey @115888 why won’t you let me listen to Paul Baribeau?!?! He’s one of my favorite artists! I have premium and everything!! Help!!,1215740.0,"@405280 Hey Lydia, help's here! That's not cool. Does logging out &gt; restarting the device &gt; logging back in help? Keep us posted /MX",recovered,premium_billing,easy,True,premium_billing,playback_issue,True,escalate,"a specific artist's music cannot be played despite having Premium, potentially involving catalog or regional availability",hard
gs_0138,724348,"@SpotifyCares Hi, I cant find an Indosat option to buy spotify premium.",724350.0,@293476 Can you DM us your account's email address? We'll take a look backstage /MG https://t.co/ldFdZRiNAt,original,premium_billing,easy,False,premium_billing,premium_billing,False,escalate,"user cannot find the Indosat payment option for purchasing Premium, requiring payment-method availability support",easy
gs_0139,2466932,"@115888 I’ve been a premium user for years. Can I also use this promotion? You’re not neglecting us who’ve used the platform for 7, or so, years?",2466931.0,@705883 Hey David! Help's here. Can you DM us your account's email address? We'll take a look backstage /MG https://t.co/ldFdZRiNAt,recovered,premium_billing,easy,False,premium_billing,premium_billing,False,auto_handle,user is asking whether an existing long-term Premium subscriber qualifies for a promotion,easy
gs_0140,2037273,@115888 where’s my military discount i can only find student discounts. their mommy n daddy prob pay for thier bills anyway,2037272.0,@602364 Hey! We're afraid we don't have a military discount yet. Show your support here to help make it happen: https://t.co/XmDgzVaBbQ /RH,recovered,premium_billing,easy,True,premium_billing,other,False,escalate,user is asking for a military discount that is not listed among the available discount options,easy
gs_0141,2875316,@SpotifyCares Need help with premium subscription. Please refer to DM.,2875315.0,"@798228 Hey, help's here! We've just sent a DM your way. Let's carry on chatting there /NQ",recovered,premium_billing,easy,True,premium_billing,premium_billing,False,escalate,generic Premium subscription issue requiring account-specific support through the DM,easy
gs_0142,1682041,"@SpotifyCares Hi, I’ve just bought Spotify premium but I’ve received two receipts, does this mean I’ve been charged twice?",1682040.0,"@511352 Hey Shannon, help's here! Could you DM us with your account's email address and username? We'll take a look backstage /TB",recovered,premium_billing,hard,False,premium_billing,premium_billing,False,escalate,two receipts after purchasing Premium may indicate duplicate billing and can be checked through standard billing support,hard
gs_0143,2076240,Had to cancel my debit card so @SpotifyCares @115888 stop stealing from me. What a nightmare this company is to deal with #whataripoff,2076237.0,@316987 Hi again Dave! We're here to help you. We've just asked for some more info over DM for us to begin. Let's continue chatting there /T,recovered,premium_billing,hard,True,premium_billing,premium_billing,False,escalate,user reports continued Spotify charges after cancelling a debit card and needs billing investigation,hard
gs_0144,1874202,@SpotifyCares I had a student premium account - had been charged £5 a month and the past 2 months i have been charged £10 without warning,1874201.0,@559517 Hi! We've just sent a DM your way. Let's carry on chatting there /GK,recovered,premium_billing,hard,False,premium_billing,premium_billing,False,escalate,"student Premium price increased from £5 to £10 without warning, requiring billing and subscription investigation",hard
gs_0145,1588408,@SpotifyCares my username is Jim Wang email __email__. Am premium. Can not access my account.,1588407.0,@488500 2: and tell us more about what's happening? We'll see what we can suggest /RA https://t.co/ldFdZRiNAt,recovered,premium_billing,hard,True,premium_billing,account_login,False,escalate,"Premium user cannot access their account despite providing identifying account information, requiring account recovery support",hard
gs_0146,2793322,@SpotifyCares  My wife signed up for premium on her computer and was signed in to her different acct. Than on her phone and can't retrieve her password for the one she signed up for premium.,2793321.0,"@779538 Hey Gregory, we can help! Can you DM us all the email addresses you wife might've used to create her account with? We'll check them backstage /JP https://t.co/ldFdZRiNAt",recovered,premium_billing,hard,False,premium_billing,account_login,False,escalate,user cannot recover the password for the account used to purchase Premium because multiple accounts are involved,hard
gs_0147,1815687,@SpotifyCares hi there I’m struggling to get a family member added to my plan. They are not receiving the invite email.,1815686.0,"@545430 Hey Zander, that's not cool! Could you DM us the email addresses linked to your and your family member's accounts? We'll help you out /BH https://t.co/ldFdZRiNAt",recovered,premium_billing,hard,False,premium_billing,premium_billing,False,auto_handle,"Family member is not receiving the invitation email, which can be addressed through standard family-plan invitation troubleshooting",hard
gs_0148,1206991,"@SpotifyCares Hi, I accidentally reversed* the payment to Spotify, now my account has been deactivated, cant login. Could you reactivate it?",1206989.0,"@403428 Hey Wesley, help's here! Can you DM us your account's email address? We'll check backstage /GK https://t.co/ldFdZRiNAt",recovered,premium_billing,hard,False,premium_billing,premium_billing,False,escalate,"reversed payment resulted in account deactivation and inability to log in, requiring billing and account reactivation support",hard
gs_0149,2565878,@SpotifyCares When I used my friends &amp; dads account it allowed me to listen to music that wasn’t  downloaded (they have premium). When I’m in the car &amp; go to choose a song I don’t have saved/downloaded it automatically stops around 10 seconds ...,2565880.0,@727933 We hear you. We're afraid the Spotify app is designed to only play songs offline if they've been downloaded first. Let us know if you need anything else /TR,original,premium_billing,hard,True,premium_billing,playback_issue,True,auto_handle,"playback stops after about ten seconds for songs that are not downloaded, while Premium accounts work normally; standard playback/account troubleshooting can be attempted",hard
gs_0150,654567,@SpotifyCares My ps4 just isn't showing up as a device on my phone when it's had no problem with this before.,654568.0,"@275714 Thanks for the info. Did this start happening after a specific update? If possible, can you try restarting your network router? Let us know if that helps /CE",recovered,device_platform,easy,False,device_platform_topup,device_platform,False,auto_handle,"standard device-connectivity troubleshooting, no hard gate triggered",easy
